ID,paper,seq
ISGCock_Contig04_0915,PMC4864078,ALQICTRNMIDDRLPYVADNVRPGTFIKQQRKQKQQRHHTSGTRKRMAKG
ISGCock_Contig13_4610,PMC4864078,HLYPCKLNLKLGKVPFHFLNLNHKGKSIMVNQQTCLYYIICQTR
ISGCock_Contig16_2060,PMC4864078,ISHNHLTAASITHVKNRGKYIYMHLKFRKTNVLI
ISGCock_Contig16_4974,PMC4864078,RKKVWFIFHVCPKLKQRILSDTHAKNKCRLSPLLIKSTKIKNET
ISGCock_Contig07_3736,PMC4864078,CNYISFFRKCKNSQSTMYGCHRMNKCVFSSY
ISGCock_Contig10_4736,PMC4864078,LMLCKGFLRHSYKSIHERGTKRGKLCRISRLALSSLP
ISGCock_Contig13_3006,PMC4864078,ANLLRHKVYGYCVLGPKGSSLGGIHGTWHDHHCSLIQRNPSTSTKGN
ISGCock_Contig05_0593,PMC4864078,MKTFLRLYRSLINKVLHV
ISGCock_Contig12_4176,PMC4864078,VVGRKHSILNCIPYLKKKKIMRLVESESIG
ISGCock_Contig15_1337,PMC4864078,KRMKLNAKKLSFCDHLNSYLNLSPTLFIHNSSKQWSHWLWHNGIRI
Ph1,insects11100676,RAIKWPGNGLLFLKY
Ph2,insects11100676,KLPIVNVKLVNRIK
Ph3,insects11100676,KRGYQVPRIAFII
Ph4,insects11100676,KLQVVPAIHLVWLQK
Ph8,insects11100676,RCLKTCFLSFIRY
Ph10,insects11100676,RISCVAMRLILK
Ph12,insects11100676,RLLLLCYACGKS
Ph14,insects11100676,RRRCRCCRY
Ph16,insects11100676,RKSWRHWKC
Ph20,insects11100676,KMFTKCIRYRKM
Ph22,insects11100676,KRIFYLYIRGQ
Ph24,insects11100676,KLSNAVFKSCRKI
Ph26,insects11100676,KIGTFIKKLSYTS
Defensin_g1,s41598-020-77982-3,MKSVLLVFLLVVCAVVLAAPLEEHIRRKRFTCDVLGSIEVQGNRINDAACAFHCLWKGESGGWCDDQKRCNCRD
Defensin_g2,s41598-020-77982-3,MKAVLLVFLLVVCAVVLAAPLEEHVRRKRFTCDVLGSIEVQGNRINDAACALHCLWKGESGGWCDDQKRCNCRD
Defensin_g3,s41598-020-77982-3,MKATALVILLLVAANMVLAHPLEEHFREKRFSCDIKITADVFGVKITDTGCNIRCFLERRPGGTCDSHKKCHCR
Defensin_g6,s41598-020-77982-3,MKATVVVILLLVAANMVLAHPLEEHFREKRFSCDIKITADVFGVKITDTGCNIRCFLERRQGGTCDSHKKCHCR
Defensin_g7,s41598-020-77982-3,MKAVLLVFLLVVCAVVLAAPLEEHIRRKRFTCDVLGSVDIKGVQLNDAPCALHCLWDGKSGGHCDDSKVCICRD
Defensin_g8,s41598-020-77982-3,MKAVLLVFLLVVCAVVLAAPLEEHIRRKRFTCDVLGSVSIKDVQLNDAPCALHCLWDGKSGGHCDDSKVCICRD
Defensin_g9,s41598-020-77982-3,MKAQIFALAFVVCLVAAVVAMPAPEEPEQHLRVRRASCQVLGVVGCSANCFRLGRKKGGYCNKNKICICYK
Defensin_g10,s41598-020-77982-3,MKAQIFALAFVVCLVAAAVAMPAPEEPEQHLRVRRASCQVLGVVGCSANCFRLGRKKGGYCDKNQICICYQ
Defensin_g11,s41598-020-77982-3,MKAVIFVFLAAACVLVSAAPAQERELSRVKRVTCDLFSIEFGGIKVNDGACAVKCIAWVGKGYHGGHCKDGICTCNKGAEQ
Defensin_g13,s41598-020-77982-3,MKAVIIAFLLFLSVTLGAVALEEKQGHARGPRDLTCIEKIPLVGKVNHALCAAYCISKGKKGGFCKGRDCNCHNQ
Defensin_g14,s41598-020-77982-3,MKAVIIVFLLFLSVTLGAVALQEKQGHAREPRDLTCIEKIPLVGKVNHALCAAYCISKGKKGGFCKGRDCNCHNQ
Defensin_g15,s41598-020-77982-3,MKVFIFVFLVICAMALGMPANDQLRSERGASCEVAGALGCSAHCIFLGHPKGGHCVSQTCVCY
Termicin_g1,s41598-020-77982-3,MKQCTSVLLFAAAILVVMAAIVANFGVDACDTNPCWATCQAKLTIYFNSAYCDGDKCVCVSRQP
Termicin_g2,s41598-020-77982-3,MKQCTSVLLFAASILVVMAAIVANFGVDACDTNPCWATCQAKLTIYFNSAYCDGDKCVCVSRQP
Drosomycin_g1,s41598-020-77982-3,MKGYLAIVVLLVLTIGAEIALGDCLSGRYGGPCAVWDNETCRRVCKEEGRSSGHCSPSLKCWCEGC
Drosomycin_g2,s41598-020-77982-3,MKGYLVFVVLLVLAIGAEIALGDCLSGRYKGPCAVWDNDTCRRVCKEEGRSSGHCSPSLKCWCEGC
Drosomycin_g4,s41598-020-77982-3,MKGYLAIVVLLVLAIGAEIALGDCLSGRYGGPCAVWDNDTCRRVCKEEGRSSGHCSPSLKCWCEGC
Drosomycin_g5,s41598-020-77982-3,MKGYLLFTVLLILAIGTEIALGDCLSGRYGGPCAVWDNETCRRVCREEGRRSGHCSASLKCWCEGC
Drosomycin_g6,s41598-020-77982-3,MKGYLIYTILLVLTIGTTTVLSDCKILSHHFKGPCYPRYVSHGKECRRKCVQEGFINGRCTPNHKCYCNRC
Drosomycin_g7,s41598-020-77982-3,MKGYLIFTILLVLTIGTAVVVSDCPSGKYKGPCFAWNNEKCRRICKEEGHVSGHCSAGLKCWCEGC
Drosomycin_g8,s41598-020-77982-3,MKGYLIFTVLLVLTIGTAVVLSDCPSGKFKGPCFAWDNEKCRRICKEEGRISGHCSAGLKCWCEGC
Drosomycin_g9,s41598-020-77982-3,MKGYLLFAVLLILAIGTEIALGDCLSGRYKGPCAVWDNETCRRVCGEEGRRSGHCSPSLKCWCEGC
Drosomycin_g10,s41598-020-77982-3,MKGYLIFTVLLVLTIGTAVVVSDCPSGKYKGPCFAWNNEKCRRICKEEGHISGHCSAGLKCWCEGC
Drosomycin_g11,s41598-020-77982-3,MKGYLIFAILLILAIGTAVVLSDCPSGKFKGPCFAWNNEKCRRICIEEGHVSGHCSAGLKCWCEGC
Drosomycin_g12,s41598-020-77982-3,MKGYLIFTVLLVLTIGTAVVLSDCPSGKFKGPCFAWDNEKCRRICKEEGRVSGHCSAGLKCWCEGC
Drosomycin_g13,s41598-020-77982-3,MKGYLIFTVLLILTIGTAVVLSDCPSGKFKGPCFAWDNEKCRRICKEEGRVSGHCSAGLKCWCEGC
Attacin-like_g1,s41598-020-77982-3,MKVSAILFIALSIAVASTLARPHHHPDHKEDDHQEQPQETHTRVERSPQDDKKVNVHGGIHEQSGVGVVADVHGQGTVWKSDDGKRRVNVEGNWSKVLDGPQRGKPQHSAGVSFDFDW
Attacin-like_g2,s41598-020-77982-3,MKVTAILFLVLAIVVASAVAKPHHHPDHKEDDHQEQPQENHSRVVRSPQPEDKKGNVHGGVHEESGKGVVADIHGKGTVWESKDGKSRVQVEGDWSKVIDGPQRGKPQHRGGVSFDFDF
Attacin-like_g3,s41598-020-77982-3,MKVSAILFIALSIAVASTLARPHHHPDHKEDDHQEQPQETHTRVERSPQDDKKGNVHGGIHEQSGVGVVADIHGQGTVWKSDDGKRRVNVEGNWSKVLDGPQRGKPQHSAGVSFDFDW
Blattellicin_g1,s41598-020-77982-3,MKITAITFLVMSIAVASSFGRPQGTEEEIQKKLKETFKENGVMVLLERIEQRLIGFGAPMFNSSEELFGERKKERLEKVQESVETAEESEQEQQEQQEQQQQQEQQEQQEQQEHQEQQEHQEQQEHQEQQEHQEHQEHQEQPEQEHQEQPEQEQQEQQEQQEQQEQEPEPVPAPRLVRSALPEDQSEGIHAGINQQPGVGTVVDVSGRKNVYETDDGRGRVNVEGQWSKVIDGPGRGKPQAGAGINFEYKFRK
Blattellicin_g2,s41598-020-77982-3,MKITAVTFLVLSIAVASSFGRPQATEEEIQKKLKETFKENGFMVLLERIEQRLIGFGAPIFNSTEELFGGRMKERLEKVQESVETAEESEQEQQEQQEQQQQQEQQEQQEQQEHQEQEQQEHQEHQEQPEQEHQEQPEQEHQEQPEQEQQEQQEQEPEPVPAPRLVRSALPEDQSEGIHAGINQQPGVGTVVDVSGRKNVYETDDGRGRVNVEGQWSKVIDGPGRGKPQAGAGINFEYKFRK
Blattellicin_g3,s41598-020-77982-3,MKITAITFLVLSIAVATSFGRPQATEEEIQKKLKETFKENGVMVLLERIEQRLIGFGAPMFDSPEELFGERKKERLEKIQESVETAEESEQEQQEQEQQEHQEQQEHQEQQEHQEQQEHQEQPEQEHQEQPEQEHQEQPEQEHQEQPEHEQQEQQEQQEQQEQQEQQEQQEQHEQEQQEQEPELVPASRLVRSALPEDQSEGIHAGINQQPGVGTVVDVSGRKNVYETDDGRGRVNVEGQWSKVIDGPGREKPQAGAGINFEYKFRK
Blattellicin_g4,s41598-020-77982-3,MKITAITFLVMSIAVASSFGRPQTTEEEIQKKLKETFKENGFMVLLEKIEQRLIGFGAPMFDSPEELFGEIKKERLEKVQESVETAEESEQEHQEQQEHQEQQEHQEQQEHQEQPEQEHQEQPEQEHQEQPEHEQQEQQEQQEQQEQQEQHEQEQQEQEPEPVPAPRLVRSARPEDQSEGIHAGINQQPGVGTVVDVSGRKNIYETDDGRGRVNVEGQWSKVIDGPGRGKPQAGAGINFEYKFRK
TR36613|c0_g1_i1,hal-02965337,MKMISRKESLKAPHLSLLISMLHGVGLANYWLLVLRRLLITKKVMWF
TR42258|c1_g1_i1,hal-02965337,MRYIVCFVFFLFFFLLFLWLVPARTASSFLTPRLSSLGKRSWAV
TR27534|c0_g1_i1,hal-02965337,MLFKVIIVIWISVCRECTRGGFCNFMHLKPISRELRRELYGRTRRRRK
P3,S2162-2531(20)30132-3,FWELWKFLKSLWSIFPRRRP
P10,S2162-2531(20)30132-3,ICTTLNWMVKLTCLTHVTLTTRWC
P26,S2162-2531(20)30132-3,RWPPTTTLCYLSRPRRCSWTSSVCRCTLT